Product Name,Price ($),Profit Margin (%),Profit Per Sale ($),Units Sold (MTD),Gross Revenue (MTD),Net Profit (MTD),Conversion Rate (%),Traffic (MTD),Customer Acquisition Cost,ROI (%),Tax Deductions (MTD),Sales Page URL,Status
<strong>Autonomous Revenue Optimization Toolkit</strong>,<span>1497</span>,<span>92</span>,<span>1377.24</span>,<span>0</span>,<span>0</span>,<span>0</span>,<span>5.0</span>,<span>0</span>,<span>0</span>,<span>0</span>,<span>0</span>,<a href='https://mavclbrp.gensparkspace.com/autonomous_revenue_toolkit_sales_page.html'>https://mavclbrp.gensparkspace.com/autonomous_revenue_toolkit_sales_page.html</a>,<span class='status'>LIVE</span>
<strong>AI Workflow Templates</strong>,<span>497</span>,<span>85</span>,<span>422.45</span>,<span>0</span>,<span>0</span>,<span>0</span>,<span>4.2</span>,<span>0</span>,<span>0</span>,<span>0</span>,<span>0</span>,<a href='https://mavclbrp.gensparkspace.com/'>https://mavclbrp.gensparkspace.com/</a>,<span class='status'>LIVE</span>
<strong>Collaboration Frameworks</strong>,<span>297</span>,<span>90</span>,<span>267.30</span>,<span>0</span>,<span>0</span>,<span>0</span>,<span>4.5</span>,<span>0</span>,<span>0</span>,<span>0</span>,<span>0</span>,<a href='https://mavclbrp.gensparkspace.com/collaboration_frameworks_sales_page.html'>https://mavclbrp.gensparkspace.com/collaboration_frameworks_sales_page.html</a>,<span class='status'>LIVE</span>
<strong>Market Intelligence Dashboard</strong>,<span>397</span>,<span>80</span>,<span>317.60</span>,<span>0</span>,<span>0</span>,<span>0</span>,<span>3.8</span>,<span>0</span>,<span>0</span>,<span>0</span>,<span>0</span>,<a href='https://mavclbrp.gensparkspace.com/market_intelligence_dashboard_sales_page.html'>https://mavclbrp.gensparkspace.com/market_intelligence_dashboard_sales_page.html</a>,<span class='status'>LIVE</span>
<strong>No-Code Integration Blueprints</strong>,<span>197</span>,<span>88</span>,<span>173.36</span>,<span>0</span>,<span>0</span>,<span>0</span>,<span>4.8</span>,<span>0</span>,<span>0</span>,<span>0</span>,<span>0</span>,<a href='https://mavclbrp.gensparkspace.com/nocode_integration_blueprints_sales_page.html'>https://mavclbrp.gensparkspace.com/nocode_integration_blueprints_sales_page.html</a>,<span class='status'>LIVE</span>
,,,,,,,,,,,,,
<uncertain-text><strong>=== SUMMARY DASHBOARD ===</strong></uncertain-text>,<uncertain-text></uncertain-text>,<uncertain-text></uncertain-text>,<uncertain-text></uncertain-text>,<uncertain-text></uncertain-text>,<uncertain-text></uncertain-text>,<uncertain-text></uncertain-text>,<uncertain-text></uncertain-text>,<uncertain-text></uncertain-text>,<uncertain-text></uncertain-text>,<uncertain-text></uncertain-text>,<uncertain-text></uncertain-text>,<uncertain-text></uncertain-text>,<uncertain-text></uncertain-text>
<uncertain-text><strong>TOTAL PORTFOLIO VALUE</strong></uncertain-text>,<uncertain-text><span>2885</span></uncertain-text>,<uncertain-text><span>87.0</span></uncertain-text>,<uncertain-text><span>2557.95</span></uncertain-text>,<uncertain-text><span>0</span></uncertain-text>,<uncertain-text><span>0</span></uncertain-text>,<uncertain-text><span>0</span></uncertain-text>,<uncertain-text><span>4.46</span></uncertain-text>,<uncertain-text><span>0</span></uncertain-text>,<uncertain-text><span>0</span></uncertain-text>,<uncertain-text><span>0</span></uncertain-text>,<uncertain-text><span>0</span></uncertain-text>,<uncertain-text><span>All Products Live</span></uncertain-text>,<uncertain-text><span class='status'>ACTIVE</span></uncertain-text>
<uncertain-text><strong>Break-Even Target (1 sale each)</strong></uncertain-text>,<uncertain-text><span>2885</span></uncertain-text>,<uncertain-text><span>87.0</span></uncertain-text>,<uncertain-text><span>2557.95</span></uncertain-text>,<uncertain-text><span>5</span></uncertain-text>,<uncertain-text><span>2885</span></uncertain-text>,<uncertain-text><span>2557.95</span></uncertain-text>,<uncertain-text><span>5.0</span></uncertain-text>,<uncertain-text><span>115</span></uncertain-text>,<uncertain-text><span>25</span></uncertain-text>,<uncertain-text><span>10231</span></uncertain-text>,<uncertain-text><span>144.25</span></uncertain-text>,<uncertain-text><span>Portfolio Target</span></uncertain-text>,<uncertain-text><span class='status'>TARGET</span></uncertain-text>
<strong>=== QUARTERLY PROJECTIONS ===</strong>,,,,,,,,,,,,,
<strong>Q1 2025 Target</strong>,<span>28850</span>,<span>87.0</span>,<span>25579.50</span>,<span>50</span>,<span>28850</span>,<span>25579.50</span>,<span>5.0</span>,<span>1150</span>,<span>25</span>,<span>10231</span>,<span>1442.50</span>,<span>All Products</span>,<span class='status'>PROJECTED</span>
<strong>Q2 2025 Target</strong>,<span>57700</span>,<span>87.0</span>,<span>51159.00</span>,<span>100</span>,<span>57700</span>,<span>51159.00</span>,<span>6.0</span>,<span>1917</span>,<span>23</span>,<span>12277</span>,<span>2885.00</span>,<span>All Products</span>,<span class='status'>PROJECTED</span>
<strong>Annual 2025 Target</strong>,<span>230800</span>,<span>87.0</span>,<span>204636.00</span>,<span>400</span>,<span>230800</span>,<span>204636.00</span>,<span>7.0</span>,<span>6594</span>,<span>20</span>,<span>15000</span>,<span>11540.00</span>,<span>Portfolio</span>,<span class='status'>ANNUAL TARGET</span>
<uncertain-text><strong>=== TAX DOCUMENTATION & EXPENSE TRACKING ===</strong></uncertain-text>,<uncertain-text></uncertain-text>,<uncertain-text></uncertain-text>,<uncertain-text></uncertain-text>,<uncertain-text></uncertain-text>,<uncertain-text></uncertain-text>,<uncertain-text></uncertain-text>,<uncertain-text></uncertain-text>,<uncertain-text></uncertain-text>,<uncertain-text></uncertain-text>,<uncertain-text></uncertain-text>,<uncertain-text></uncertain-text>,<uncertain-text></uncertain-text>,<uncertain-text></uncertain-text>
<uncertain-text><strong>Business Expenses - Development</strong></uncertain-text>,<uncertain-text><span>0</span></uncertain-text>,<uncertain-text></uncertain-text>,<uncertain-text><span>0</span></uncertain-text>,<uncertain-text></uncertain-text>,<uncertain-text><span>0</span></uncertain-text>,<uncertain-text><span>0</span></uncertain-text>,<uncertain-text></uncertain-text>,<uncertain-text></uncertain-text>,<uncertain-text><span>0</span></uncertain-text>,<uncertain-text></uncertain-text>,<uncertain-text><span>0</span></uncertain-text>,<uncertain-text><span>Development Costs</span></uncertain-text>,<uncertain-text><span class='status'>DEDUCTIBLE</span></uncertain-text>
<uncertain-text><strong>Marketing & Advertising Costs</strong></uncertain-text>,<uncertain-text><span>0</span></uncertain-text>,<uncertain-text></uncertain-text>,<uncertain-text><span>0</span></uncertain-text>,<uncertain-text></uncertain-text>,<uncertain-text><span>0</span></uncertain-text>,<uncertain-text><span>0</span></uncertain-text>,<uncertain-text></uncertain-text>,<uncertain-text></uncertain-text>,<uncertain-text><span>0</span></uncertain-text>,<uncertain-text></uncertain-text>,<uncertain-text><span>0</span></uncertain-text>,<uncertain-text><span>Marketing Expenses</span></uncertain-text>,<uncertain-text><span class='status'>DEDUCTIBLE</span></uncertain-text>
<uncertain-text><strong>Software & Tools Subscriptions</strong></uncertain-text>,<uncertain-text><span>0</span></uncertain-text>,<uncertain-text></uncertain-text>,<uncertain-text><span>0</span></uncertain-text>,<uncertain-text></uncertain-text>,<uncertain-text><span>0</span></uncertain-text>,<uncertain-text><span>0</span></uncertain-text>,<uncertain-text></uncertain-text>,<uncertain-text></uncertain-text>,<uncertain-text><span>0</span></uncertain-text>,<uncertain-text></uncertain-text>,<uncertain-text><span>0</span></uncertain-text>,<uncertain-text><span>Software Costs</span></uncertain-text>,<uncertain-text><span class='status'>DEDUCTIBLE</span></uncertain-text>
<uncertain-text><strong>Total Tax Deductions (MTD)</strong></uncertain-text>,<uncertain-text><span>0</span></uncertain-text>,<uncertain-text></uncertain-text>,<uncertain-text><span>0</span></uncertain-text>,<uncertain-text></uncertain-text>,<uncertain-text><span>0</span></uncertain-text>,<uncertain-text><span>0</span></uncertain-text>,<uncertain-text></uncertain-text>,<uncertain-text></uncertain-text>,<uncertain-text><span>0</span></uncertain-text>,<uncertain-text></uncertain-text>,<uncertain-text><span>0</span></uncertain-text>,<uncertain-text><span>Tax Summary</span></uncertain-text>,<uncertain-text><span class='status'>CALCULATED</span></uncertain-text>
<strong>=== MARKET OPPORTUNITY ASSESSMENT ===</strong>,,,,,,,,,,,,,
<strong>AI SaaS Market Size (2024)</strong>,<span>1040000000000</span>,<span>39.4</span>,<span>1040000000000</span>,,<span>1040000000000</span>,<span>409600000000</span>,,,,<span>39.4</span>,,<span>Market Research</span>,<span class='status'>OPPORTUNITY</span>
<strong>Agentic AI Adoption Rate</strong>,,<span>33.0</span>,,,,,<span>33.0</span>,,,,,<span>Enterprise Adoption</span>,<span class='status'>TRENDING</span>
<strong>LoveLogicAI Market Share Target</strong>,<span>104000000</span>,<span>87.0</span>,<span>90480000</span>,,<span>104000000</span>,<span>90480000</span>,<span>0.01</span>,,<span>20</span>,<span>452400000</span>,<span>5200000</span>,<span>0.01% Market Share</span>,<span class='status'>TARGET</span>
<uncertain-text><strong>=== LEGAL COMPLIANCE & MONITORING ===</strong></uncertain-text>,<uncertain-text></uncertain-text>,<uncertain-text></uncertain-text>,<uncertain-text></uncertain-text>,<uncertain-text></uncertain-text>,<uncertain-text></uncertain-text>,<uncertain-text></uncertain-text>,<uncertain-text></uncertain-text>,<uncertain-text></uncertain-text>,<uncertain-text></uncertain-text>,<uncertain-text></uncertain-text>,<uncertain-text></uncertain-text>,<uncertain-text></uncertain-text>,<uncertain-text></uncertain-text>
<uncertain-text><strong>Business License & Registration</strong></uncertain-text>,<uncertain-text><span>0</span></uncertain-text>,<uncertain-text></uncertain-text>,<uncertain-text><span>0</span></uncertain-text>,<uncertain-text></uncertain-text>,<uncertain-text><span>0</span></uncertain-text>,<uncertain-text><span>0</span></uncertain-text>,<uncertain-text></uncertain-text>,<uncertain-text></uncertain-text>,<uncertain-text><span>0</span></uncertain-text>,<uncertain-text></uncertain-text>,<uncertain-text><span>0</span></uncertain-text>,<uncertain-text><span>Legal Compliance</span></uncertain-text>,<uncertain-text><span class='status'>REQUIRED</span></uncertain-text>
<uncertain-text><strong>Sales Tax Collection Setup</strong></uncertain-text>,<uncertain-text><span>0</span></uncertain-text>,<uncertain-text></uncertain-text>,<uncertain-text><span>0</span></uncertain-text>,<uncertain-text></uncertain-text>,<uncertain-text><span>0</span></uncertain-text>,<uncertain-text><span>0</span></uncertain-text>,<uncertain-text></uncertain-text>,<uncertain-text></uncertain-text>,<uncertain-text><span>0</span></uncertain-text>,<uncertain-text></uncertain-text>,<uncertain-text><span>0</span></uncertain-text>,<uncertain-text><span>Tax Compliance</span></uncertain-text>,<uncertain-text><span class='status'>REQUIRED</span></uncertain-text>
<uncertain-text><strong>Terms of Service & Privacy Policy</strong></uncertain-text>,<uncertain-text><span>0</span></uncertain-text>,<uncertain-text></uncertain-text>,<uncertain-text><span>0</span></uncertain-text>,<uncertain-text></uncertain-text>,<uncertain-text><span>0</span></uncertain-text>,<uncertain-text><span>0</span></uncertain-text>,<uncertain-text></uncertain-text>,<uncertain-text></uncertain-text>,<uncertain-text><span>0</span></uncertain-text>,<uncertain-text></uncertain-text>,<uncertain-text><span>0</span></uncertain-text>,<uncertain-text><span>Legal Documents</span></uncertain-text>,<uncertain-text><span class='status'>ACTIVE</span></uncertain-text>
<uncertain-text><strong>Invoice & Receipt Management</strong></uncertain-text>,<uncertain-text><span>0</span></uncertain-text>,<uncertain-text></uncertain-text>,<uncertain-text><span>0</span></uncertain-text>,<uncertain-text></uncertain-text>,<uncertain-text><span>0</span></uncertain-text>,<uncertain-text><span>0</span></uncertain-text>,<uncertain-text></uncertain-text>,<uncertain-text></uncertain-text>,<uncertain-text><span>0</span></uncertain-text>,<uncertain-text></uncertain-text>,<uncertain-text><span>0</span></uncertain-text>,<uncertain-text><span>Accounting System</span></uncertain-text>,<uncertain-text><span class='status'>AUTOMATED</span></uncertain-text>